{
  "model": "Cosplace",
  "matchers": {
    "sp-lg": {
      "gate1": {
        "scaler_mean": [
          155.78955316691835
        ],
        "scaler_scale": [
          97.1247371851451
        ],
        "coef": [
          [
            -5.685761578187028
          ]
        ],
        "intercept": [
          -5.748378433584941
        ],
        "classes": [
          0,
          1
        ],
        "feat_cols": [
          "num_inliers_top1"
        ]
      },
      "gate5": {
        "scaler_mean": [
          155.78955316691835,
          164.31926801101537,
          91.75330905214533,
          72.56595895887004,
          1.4103224660211424,
          0.7557075597406059
        ],
        "scaler_scale": [
          97.1247371851451,
          94.45615974877423,
          57.262623747617496,
          71.21146210431002,
          0.8660751789764043,
          0.4296668987617088
        ],
        "coef": [
          [
            -6.735691302180605,
            -1.0545115541567744,
            1.2974937086670786,
            -2.4420648127675997,
            0.6692411163293457,
            0.8178914159409357
          ]
        ],
        "intercept": [
          -9.076688249861819
        ],
        "classes": [
          0,
          1
        ],
        "feat_cols": [
          "num_inliers_top1",
          "max_inliers_top5",
          "second_max_inliers_top5",
          "gap_inliers_top5",
          "best_retrieval_rank_top5",
          "top1_is_best_top5"
        ]
      },
      "gate10": {
        "scaler_mean": [
          155.78955316691835,
          164.31926801101537,
          72.56595895887004,
          1.4103224660211424,
          0.7557075597406059,
          165.2450031091765,
          94.4997779159634,
          70.74522519321312,
          1.6428888691480856,
          0.7398063427200853
        ],
        "scaler_scale": [
          97.1247371851451,
          94.45615974877423,
          71.21146210431002,
          0.8660751789764043,
          0.4296668987617088,
          93.7267429475565,
          56.54962440531688,
          70.04605225440325,
          1.5579309131127896,
          0.43874014859734106
        ],
        "coef": [
          [
            -4.400480918119721,
            3.7177875250815395,
            0.21460174313465574,
            0.5572437295721951,
            1.0810366822848054,
            -3.7623335030464564,
            -1.4713725169647545,
            -3.8464080880648748,
            0.08136584713730403,
            -0.40618563209121455
          ]
        ],
        "intercept": [
          -9.026829367244389
        ],
        "classes": [
          0,
          1
        ],
        "feat_cols": [
          "num_inliers_top1",
          "max_inliers_top5",
          "gap_inliers_top5",
          "best_retrieval_rank_top5",
          "top1_is_best_top5",
          "max_inliers_top10",
          "second_max_inliers_top10",
          "gap_inliers_top10",
          "best_retrieval_rank_top10",
          "top1_is_best_top10"
        ]
      },
      "val_hparams": {
        "tau1": 0.5,
        "tau5": 0.5,
        "tau10": 0.5,
        "note": "thresholds not calibrated - run sequential.py to optimize"
      }
    },
    "loftr": {
      "gate1": {
        "scaler_mean": [
          326.8177134227592
        ],
        "scaler_scale": [
          252.52839836854704
        ],
        "coef": [
          [
            -8.71477871180144
          ]
        ],
        "intercept": [
          -8.1564998555759
        ],
        "classes": [
          0,
          1
        ],
        "feat_cols": [
          "num_inliers_top1"
        ]
      },
      "gate5": {
        "scaler_mean": [
          326.8177134227592,
          341.2849782357644,
          165.8671049124989,
          175.41787332326552,
          1.3444967575730657,
          0.7839566491960558
        ],
        "scaler_scale": [
          252.52839836854704,
          249.003005838422,
          126.5299867229261,
          191.7162529416599,
          0.7868760939434205,
          0.4115441912812622
        ],
        "coef": [
          [
            -9.234925646134714,
            -2.5692163394229754,
            1.9926719038801084,
            -4.6520591083010325,
            0.42911394767998623,
            0.5920137950959061
          ]
        ],
        "intercept": [
          -13.582540044016728
        ],
        "classes": [
          0,
          1
        ],
        "feat_cols": [
          "num_inliers_top1",
          "max_inliers_top5",
          "second_max_inliers_top5",
          "gap_inliers_top5",
          "best_retrieval_rank_top5",
          "top1_is_best_top5"
        ]
      },
      "gate10": {
        "scaler_mean": [
          326.8177134227592,
          341.2849782357644,
          175.41787332326552,
          1.3444967575730657,
          0.7839566491960558,
          342.22590388202894,
          169.12365639157858,
          173.1022474904504,
          1.49595807053389,
          0.7739184507417607
        ],
        "scaler_scale": [
          252.52839836854704,
          249.003005838422,
          191.7162529416599,
          0.7868760939434205,
          0.4115441912812622,
          248.2739477726489,
          125.73694777768661,
          189.79885120497843,
          1.3156814531187244,
          0.4182925798328649
        ],
        "coef": [
          [
            -2.730711913747042,
            -5.5390151091641,
            -1.8666871267976968,
            0.017002849398858374,
            0.16752555168365477,
            -4.762815146009611,
            0.917550263074877,
            -6.838043961189089,
            0.30594588267982364,
            0.5006906772397272
          ]
        ],
        "intercept": [
          -19.85429975020296
        ],
        "classes": [
          0,
          1
        ],
        "feat_cols": [
          "num_inliers_top1",
          "max_inliers_top5",
          "gap_inliers_top5",
          "best_retrieval_rank_top5",
          "top1_is_best_top5",
          "max_inliers_top10",
          "second_max_inliers_top10",
          "gap_inliers_top10",
          "best_retrieval_rank_top10",
          "top1_is_best_top10"
        ]
      },
      "val_hparams": {
        "tau1": 0.5,
        "tau5": 0.5,
        "tau10": 0.5,
        "note": "thresholds not calibrated - run sequential.py to optimize"
      }
    }
  }
}