{
  "model": "Megaloc",
  "matchers": {
    "sp-lg": {
      "gate1": {
        "scaler_mean": [
          157.71338763945457
        ],
        "scaler_scale": [
          95.52428434659002
        ],
        "coef": [
          [
            -6.064025421744106
          ]
        ],
        "intercept": [
          -6.411593538964977
        ],
        "classes": [
          0,
          1
        ],
        "feat_cols": [
          "num_inliers_top1"
        ]
      },
      "gate5": {
        "scaler_mean": [
          157.71338763945457,
          165.7421639808748,
          95.63883477952895,
          70.10332920134584,
          1.3810873029927395,
          0.7625287763414202
        ],
        "scaler_scale": [
          95.52428434659002,
          93.15741221998398,
          55.85901594544004,
          68.06468502211506,
          0.8176055652162874,
          0.42553336131574526
        ],
        "coef": [
          [
            0.7522105970625219,
            -3.6989256785982407,
            -1.1687229672592756,
            -4.103429395986654,
            1.4500020455804792,
            1.1866524601866149
          ]
        ],
        "intercept": [
          -7.633459182263316
        ],
        "classes": [
          0,
          1
        ],
        "feat_cols": [
          "num_inliers_top1",
          "max_inliers_top5",
          "second_max_inliers_top5",
          "gap_inliers_top5",
          "best_retrieval_rank_top5",
          "top1_is_best_top5"
        ]
      },
      "gate10": {
        "scaler_mean": [
          157.71338763945457,
          165.7421639808748,
          70.10332920134584,
          1.3810873029927395,
          0.7625287763414202,
          166.20621568974676,
          97.22622631485744,
          68.97998937488933,
          1.5468390295732246,
          0.7511953249513016
        ],
        "scaler_scale": [
          95.52428434659002,
          93.15741221998398,
          68.06468502211506,
          0.8176055652162874,
          0.42553336131574526,
          92.77335886489793,
          55.48076736446176,
          67.73593209694958,
          1.363749419935732,
          0.43232037740847934
        ],
        "coef": [
          [
            -3.5807200004523096,
            -5.069852244168615,
            3.0459730096904547,
            0.3446854657384817,
            -1.213353995626177,
            -3.6177456742668066,
            2.873373812234495,
            -7.308490286069352,
            0.9393704719105994,
            2.2076706554990526
          ]
        ],
        "intercept": [
          -15.886500768750878
        ],
        "classes": [
          0,
          1
        ],
        "feat_cols": [
          "num_inliers_top1",
          "max_inliers_top5",
          "gap_inliers_top5",
          "best_retrieval_rank_top5",
          "top1_is_best_top5",
          "max_inliers_top10",
          "second_max_inliers_top10",
          "gap_inliers_top10",
          "best_retrieval_rank_top10",
          "top1_is_best_top10"
        ]
      },
      "val_hparams": {
        "tau1": 0.5,
        "tau5": 0.5,
        "tau10": 0.5,
        "note": "thresholds not calibrated - run sequential.py to optimize"
      }
    },
    "loftr": {
      "gate1": {
        "scaler_mean": [
          329.397644767133
        ],
        "scaler_scale": [
          250.2856581513028
        ],
        "coef": [
          [
            -9.835039506666988
          ]
        ],
        "intercept": [
          -9.413849292745297
        ],
        "classes": [
          0,
          1
        ],
        "feat_cols": [
          "num_inliers_top1"
        ]
      },
      "gate5": {
        "scaler_mean": [
          329.397644767133,
          343.34319107490705,
          171.72330440942093,
          171.6198866654861,
          1.3122011687621746,
          0.7906853196387462
        ],
        "scaler_scale": [
          250.2856581513028,
          246.96382641151453,
          124.34842623587303,
          186.83391532449912,
          0.7163240355217562,
          0.4068194254783317
        ],
        "coef": [
          [
            -1.811511261166823,
            -7.505358751090396,
            -0.6001116812306566,
            -9.521446732751581,
            0.548097166855369,
            0.6070761731610282
          ]
        ],
        "intercept": [
          -18.40723287393643
        ],
        "classes": [
          0,
          1
        ],
        "feat_cols": [
          "num_inliers_top1",
          "max_inliers_top5",
          "second_max_inliers_top5",
          "gap_inliers_top5",
          "best_retrieval_rank_top5",
          "top1_is_best_top5"
        ]
      },
      "gate10": {
        "scaler_mean": [
          329.397644767133,
          343.34319107490705,
          171.6198866654861,
          1.3122011687621746,
          0.7906853196387462,
          343.6607933415973,
          173.2518151230742,
          170.40897821852312,
          1.404993802018771,
          0.783867540286878
        ],
        "scaler_scale": [
          250.2856581513028,
          246.96382641151453,
          186.83391532449912,
          0.7163240355217562,
          0.4068194254783317,
          246.70936693168,
          124.00451410385283,
          186.41621049541516,
          1.0891531124466545,
          0.4116056602762865
        ],
        "coef": [
          [
            -0.0886914542571867,
            -4.2231970137772015,
            -6.896183684119315,
            -0.06642114994396381,
            -0.6040470807815231,
            -4.8188000305390135,
            1.0988585017122654,
            -7.1083223715189305,
            0.6023468368984075,
            1.1726850047115402
          ]
        ],
        "intercept": [
          -20.3025467833413
        ],
        "classes": [
          0,
          1
        ],
        "feat_cols": [
          "num_inliers_top1",
          "max_inliers_top5",
          "gap_inliers_top5",
          "best_retrieval_rank_top5",
          "top1_is_best_top5",
          "max_inliers_top10",
          "second_max_inliers_top10",
          "gap_inliers_top10",
          "best_retrieval_rank_top10",
          "top1_is_best_top10"
        ]
      },
      "val_hparams": {
        "tau1": 0.5,
        "tau5": 0.5,
        "tau10": 0.5,
        "note": "thresholds not calibrated - run sequential.py to optimize"
      }
    }
  }
}